{
    "LSTM+GRU": {
        "RMSE": 8.898477911584024,
        "MAE": 6.686168565545952,
        "R2": 0.2712626227918502
    },
    "SVR": {
        "RMSE": 9.367939254579465,
        "MAE": 6.9368885007791565,
        "R2": 0.19234158266158263
    },
    "LightGBM": {
        "RMSE": 9.229207092498541,
        "MAE": 6.843990009619462,
        "R2": 0.21608608409361818
    },
    "XGBoost": {
        "RMSE": 10.501104057092222,
        "MAE": 7.755232727798315,
        "R2": -0.014867899100249105
    },
    "LightGBM+XGBoost": {
        "RMSE": 9.698673731642648,
        "MAE": 7.155104414380321,
        "R2": 0.13430623199363145
    }
}